{"stat.useItem.minecraft.anvil":1,"stat.crouchOneCm":2558,"stat.useItem.minecraft.chest":1,"stat.killEntity.Sheep":7,"stat.useItem.minecraft.stone_button":2,"achievement.exploreAllBiomes":{"value":0,"progress":["Forest","MushroomIsland","Plains","Jungle"]},"stat.useItem.minecraft.leaves":222,"stat.useItem.minecraft.command_block":27,"achievement.openInventory":3206,"stat.damageDealt":260085,"stat.useItem.minecraft.fence":2,"stat.useItem.minecraft.obsidian":2,"stat.useItem.minecraft.item_frame":8,"stat.killEntity.Bat":100,"stat.killEntity.Cow":4,"stat.useItem.minecraft.planks":7,"stat.fallOneCm":15244,"stat.flyOneCm":47412866,"stat.useItem.minecraft.stone":2,"stat.damageTaken":14075,"stat.useItem.minecraft.diamond_sword":62,"stat.useItem.minecraft.double_plant":4,"stat.killEntity.EntityHorse":104,"stat.pigOneCm":52778,"stat.climbOneCm":86302,"stat.useItem.minecraft.redstone":15,"stat.killEntity.Chicken":6,"stat.drop":290,"stat.useItem.minecraft.repeater":1,"stat.useItem.minecraft.stone_pressure_plate":4,"stat.leaveGame":5,"stat.diveOneCm":50088,"stat.useItem.minecraft.glowstone":8,"achievement.mineWood":2,"stat.useItem.minecraft.lever":14,"stat.useItem.minecraft.gold_block":3,"stat.killEntity.Villager":706,"stat.useItem.minecraft.soul_sand":3,"stat.useItem.minecraft.sand":20,"stat.killEntity.Slime":21,"stat.timeSinceDeath":1412,"stat.killEntity.Creeper":2,"stat.useItem.minecraft.gravel":20,"stat.playOneMinute":6091750,"stat.useItem.minecraft.redstone_torch":2,"stat.killEntity.Pig":10,"stat.deaths":59,"stat.useItem.minecraft.wooden_slab":4,"stat.swimOneCm":510831,"stat.mobKills":1250,"stat.killEntity.Skeleton":2,"stat.horseOneCm":97376,"stat.walkOneCm":27486803,"stat.killEntity.Zombie":184,"stat.useItem.minecraft.sandstone":15,"stat.useItem.minecraft.sign":18,"stat.useItem.minecraft.iron_door":10,"stat.jump":56008,"stat.useItem.minecraft.spawn_egg":9,"stat.useItem.minecraft.tallgrass":66,"stat.sprintOneCm":17648,"stat.useItem.minecraft.dirt":197,"stat.killEntity.MushroomCow":84}